{"cameraMode":{"drawMode":0,"name":"Shaded","section":"Shading Mode"},"sceneLighting":true,"audioPlay":false,"sceneViewState":{"showFog":false,"showMaterialUpdate":false,"showSkybox":false,"showFlares":false,"showImageEffects":false,"showParticleSystems":false},"in2DMode":false,"pivot":{"x":-48.27869415283203,"y":9.06006908416748,"z":-4.823315620422363},"rotation":{"x":0.1184203252196312,"y":-0.7019776701927185,"z":0.12013903260231018,"w":0.6919326186180115},"size":8.058903694152832,"orthographic":false}