{"cameraMode":{"drawMode":0,"name":"Shaded","section":"Shading Mode"},"sceneLighting":true,"audioPlay":false,"sceneViewState":{"showFog":false,"showMaterialUpdate":false,"showSkybox":false,"showFlares":false,"showImageEffects":false,"showParticleSystems":false},"in2DMode":false,"pivot":{"x":-45.851951599121097,"y":9.32736587524414,"z":-7.643593788146973},"rotation":{"x":0.06020224466919899,"y":-0.048489030450582507,"z":0.0029280923772603275,"w":0.9970034956932068},"size":14.770139694213868,"orthographic":false}