{"cameraMode":{"drawMode":0,"name":"Shaded","section":"Shading Mode"},"sceneLighting":true,"audioPlay":false,"sceneViewState":{"showFog":false,"showMaterialUpdate":false,"showSkybox":false,"showFlares":false,"showImageEffects":false,"showParticleSystems":false},"in2DMode":false,"pivot":{"x":-54.79643630981445,"y":14.13102912902832,"z":2.374309539794922},"rotation":{"x":-0.13678187131881715,"y":-0.08221475780010224,"z":-0.011392093263566494,"w":0.9871178865432739},"size":26.365379333496095,"orthographic":false}