{"cameraMode":{"drawMode":0,"name":"Shaded","section":"Shading Mode"},"sceneLighting":true,"audioPlay":false,"sceneViewState":{"showFog":false,"showMaterialUpdate":false,"showSkybox":false,"showFlares":false,"showImageEffects":false,"showParticleSystems":false},"in2DMode":false,"pivot":{"x":-53.74636459350586,"y":1.5737016201019288,"z":-1.3163681030273438},"rotation":{"x":0.12074415385723114,"y":-0.4606221318244934,"z":0.06341395527124405,"w":0.8770557641983032},"size":10.887986183166504,"orthographic":false}