{"cameraMode":{"drawMode":0,"name":"Shaded","section":"Shading Mode"},"sceneLighting":true,"audioPlay":false,"sceneViewState":{"showFog":false,"showMaterialUpdate":false,"showSkybox":false,"showFlares":false,"showImageEffects":false,"showParticleSystems":false},"in2DMode":false,"pivot":{"x":2.5554041862487795,"y":8.918875694274903,"z":-5.3953704833984379},"rotation":{"x":0.012146010994911194,"y":-0.16572332382202149,"z":0.0020393719896674158,"w":0.9860954284667969},"size":22.0,"orthographic":false}