{"cameraMode":{"drawMode":0,"name":"Shaded","section":"Shading Mode"},"sceneLighting":true,"audioPlay":false,"sceneViewState":{"showFog":false,"showMaterialUpdate":false,"showSkybox":false,"showFlares":false,"showImageEffects":false,"showParticleSystems":false},"in2DMode":false,"pivot":{"x":-49.092994689941409,"y":7.145191669464111,"z":-7.227865219116211},"rotation":{"x":0.11598559468984604,"y":0.13307823240756989,"z":-0.015683211386203767,"w":0.9841705560684204},"size":22.0,"orthographic":false}